timestamp_ms,ecg_value
0,6451.612903225806
155,6667.74193548387
191,6758.064516129032
238,7125.806451612903
243,7403.225806451612
283,7635.483870967742
320,7232.258064516128
356,7093.548387096774
395,6338.709677419355
434,5661.290322580645
472,5532.258064516129
509,5387.096774193548
544,5538.709677419355
580,5700.0
614,5719.354838709677
650,5751.612903225806
685,5738.709677419354
722,5722.580645161291
759,5632.258064516129
799,5645.1612903225805
843,5603.225806451614
882,5545.1612903225805
918,5622.58064516129
954,6170.967741935483
989,6148.387096774192
1023,6009.677419354838
1059,5777.419354838709
1094,5558.064516129032
1129,5525.806451612903
1171,5025.806451612903
1206,8364.516129032258
1241,8251.612903225807
1285,4003.2258064516127
1329,6038.709677419354
1369,6245.1612903225805
1417,6300.0
1457,6429.032258064516
1497,6625.806451612903
1538,7129.032258064515
1576,7222.58064516129
1615,7558.064516129033
1653,7341.935483870967
1690,7151.612903225805
1728,6193.548387096774
1763,5680.645161290323
1802,5390.322580645162
1840,5258.064516129032
1879,5235.4838709677415
1917,5438.709677419354
1952,5790.322580645161
1986,5632.258064516129
2020,5751.612903225806
2057,5648.387096774193
2091,5580.645161290322
2125,5661.290322580645
2200,5493.548387096774
2257,5532.258064516129
2329,5541.935483870968
2399,5645.1612903225805
2456,5745.1612903225805
2517,5935.4838709677415
2567,6229.032258064516
2620,6077.419354838709
2669,5909.677419354838
2717,5748.387096774193
2767,5661.290322580645
2818,5409.677419354839
2870,7658.064516129032
2932,9077.41935483871
2985,3841.935483870968
3041,6096.774193548386
3043,6403.225806451613
3105,6396.774193548386
3165,6577.419354838709
3222,6812.903225806451
3224,7090.322580645161
3290,7432.25806451613
3346,7670.967741935484
3399,7435.483870967742
3450,7158.064516129031
3504,6416.129032258064
3557,5816.129032258064
3612,5529.032258064516
3667,5383.870967741936
3720,5545.1612903225805
3770,5522.58064516129
3772,5864.516129032258
3822,5764.5161290322585
3875,5635.483870967742
3935,5600.0
3985,5680.645161290323
4039,5738.709677419354
4087,5516.129032258064
4137,5712.903225806452
4187,5729.032258064516
4237,5829.032258064516
4286,5648.387096774193
4336,5625.806451612903
4386,5635.483870967742
4436,5796.774193548387
4486,6129.032258064515
4540,6280.645161290322
4594,6190.322580645161
4649,6106.4516129032245
4699,5816.129032258064
4747,5800.0
4797,5593.548387096775
4848,6816.129032258064
4900,10961.290322580644
4953,4351.612903225807
5005,5880.645161290322
5056,6338.709677419355
5105,6451.612903225806
5154,6658.064516129031
5207,6864.516129032258
5258,7087.096774193547
5311,7319.354838709676
5360,7554.8387096774195
5409,7683.870967741936
5461,7425.806451612903
5513,6719.354838709677
5563,5996.774193548386
5566,5512.903225806452
5616,5348.387096774193
5670,5461.290322580645
5721,5541.935483870968
5773,5645.1612903225805
5828,5745.1612903225805
5882,5812.903225806451
5934,5690.322580645161
5987,5625.806451612903
6039,5638.709677419355
6091,5574.193548387097
6146,5522.58064516129
6198,5664.516129032258
6251,5609.677419354838
6304,5593.548387096775
6357,5635.483870967742
6413,5680.645161290323
6464,5693.548387096774
6516,6061.290322580645
6566,6183.870967741936
6616,6283.870967741936
6669,5674.193548387097
6725,5693.548387096774
6777,5661.290322580645
6828,5216.129032258064
6878,7061.290322580645
6931,9906.451612903224
6985,4119.354838709677
7035,5819.354838709677
7084,6338.709677419355
7134,6290.322580645161
7185,6590.322580645161
7235,6677.419354838709
7283,7009.677419354838
7334,7216.129032258063
7385,7506.451612903226
7434,7545.16129032258
7483,7206.451612903224
7592,6706.451612903225
7594,5825.806451612903
7596,5487.096774193548
7599,5287.096774193547
7602,5287.096774193547
7605,5377.41935483871
7609,5480.645161290322
7614,5506.451612903226
7617,5606.451612903225
7620,5619.354838709677
7622,5467.741935483871
7623,5487.096774193548
7625,5387.096774193548
7630,5454.83870967742
7632,5483.870967741935
7634,5590.322580645161
7636,5474.1935483870975
7637,5564.516129032258
7639,5812.903225806451
7641,6009.677419354838
7643,5887.096774193548
7645,5641.935483870968
7647,5416.129032258064
7649,5554.83870967742
7651,4951.612903225806
7652,7358.06451612903
7653,9080.645161290322
7655,4070.967741935483
7657,5796.774193548387
7659,6177.419354838709
7661,6222.580645161291
7662,6435.483870967742
7664,6712.903225806451
7666,6906.4516129032245
7667,7183.870967741935
7669,7493.548387096775
7671,7493.548387096775
7672,7287.096774193547
7674,6364.516129032258
7676,5738.709677419354
7678,5377.41935483871
7680,5387.096774193548
7682,5387.096774193548
7684,5429.032258064516
7686,5625.806451612903
7687,5706.451612903225
7689,5661.290322580645
7691,5661.290322580645
7692,5648.387096774193
7694,5551.612903225807
7695,5532.258064516129
7697,5687.096774193548
7698,5667.741935483871
7700,5545.1612903225805
7702,5606.451612903225
7703,5629.032258064516
7705,5780.645161290322
7707,6038.709677419354
7709,6396.774193548386
7711,6296.774193548387
7713,5961.290322580645
7715,5645.1612903225805
7717,5658.064516129032
7718,5348.387096774193
7720,6732.258064516128
7722,11803.225806451612
7724,3841.935483870968
7725,5906.451612903225
7727,6145.1612903225805
7728,6348.387096774194
7729,6654.838709677419
7731,6767.741935483871
7733,7041.935483870967
7735,7416.129032258063
7737,7690.322580645161
7738,7683.870967741936
7740,7380.645161290322
7741,6745.16129032258
7743,5867.74193548387
7745,5470.967741935484
7746,5267.741935483871
7748,5316.129032258064
7749,5516.129032258064
7751,5522.58064516129
7753,5616.129032258064
7754,5654.838709677419
7756,5761.290322580645
7757,5732.258064516129
7759,5667.741935483871
7761,5519.354838709678
7762,5670.967741935484
7764,5716.129032258064
7766,5622.58064516129
7767,5693.548387096774
7769,5722.580645161291
7771,5719.354838709677
7772,5670.967741935484
7774,6141.935483870968
7775,6196.774193548387
7777,6370.967741935484
7779,6038.709677419354
7780,5851.612903225807
7782,5899.999999999999
7784,5480.645161290322
7785,6535.4838709677415
7787,12232.258064516129
7789,4138.709677419355
7791,5925.806451612903
7792,6390.322580645162
7794,6454.83870967742
7796,6667.74193548387
7797,6822.58064516129
7798,7074.193548387096
7800,7422.580645161289
7802,7693.548387096774
7804,7774.193548387097
7805,7487.096774193548
7807,6961.290322580645
7808,6074.193548387096
7810,5554.83870967742
7811,5454.83870967742
7813,5400.0
7814,5554.83870967742
7816,5593.548387096775
7817,5770.967741935484
7819,5725.806451612903
7821,5738.709677419354
7822,5648.387096774193
7824,5487.096774193548
7825,5625.806451612903
7827,5574.193548387097
7829,5625.806451612903
7830,5570.967741935484
7832,5648.387096774193
7834,5593.548387096775
7835,5567.74193548387
7837,5729.032258064516
7838,6080.645161290322
7840,6054.83870967742
7841,6077.419354838709
7843,5941.935483870967
7844,5564.516129032258
7846,5535.4838709677415
7847,5199.999999999999
7849,6870.967741935483
7851,10412.90322580645
7853,3800.000000000001
7854,5903.225806451612
7856,6267.741935483871
7858,6293.548387096775
7859,6396.774193548386
7861,6761.290322580645
7863,6935.4838709677415
7864,7277.419354838708
7866,7570.967741935484
7867,7496.774193548387
7869,7380.645161290322
7870,6729.032258064516
7872,5777.419354838709
7874,5425.806451612903
7875,5335.4838709677415
7877,5338.709677419354
7878,5387.096774193548
7880,5725.806451612903
7882,5722.580645161291
7884,5616.129032258064
7885,5641.935483870968
7886,5558.064516129032
7888,5522.58064516129
7890,5583.870967741936
7891,5525.806451612903
7893,5587.096774193548
7895,5522.58064516129
7896,5564.516129032258
7897,5609.677419354838
7899,5729.032258064516
7900,5964.516129032258
7902,6141.935483870968
7904,6106.4516129032245
7905,5712.903225806452
7907,5664.516129032258
7909,5687.096774193548
7910,5254.838709677419
7912,10158.06451612903
7914,6287.096774193548
7915,4487.096774193547
7917,6164.516129032258
7919,6300.0
7920,6396.774193548386
7922,6558.064516129032
7924,6929.032258064516
7925,7222.58064516129
7928,7590.322580645162
7930,7680.645161290323
7931,7545.16129032258
7933,7196.7741935483855
7935,6319.354838709677
7936,5809.677419354839
7938,5512.903225806452
7939,5419.354838709677
7941,5487.096774193548
7943,5680.645161290323
7945,5796.774193548387
7946,5748.387096774193
7947,5790.322580645161
7949,5712.903225806452
7951,5677.419354838709
7952,5780.645161290322
7954,5683.870967741936
7955,5625.806451612903
7957,5745.1612903225805
7959,5764.5161290322585
7961,5683.870967741936
7963,5658.064516129032
7964,5935.4838709677415
7966,6203.225806451613
7968,6348.387096774194
7969,6125.806451612903
7971,5951.612903225806
7973,5780.645161290322
7975,5816.129032258064
7976,5225.806451612903
7978,8048.387096774194
7980,9032.258064516129
7982,3990.322580645161
7983,6222.580645161291
7985,6225.806451612903
7987,6470.967741935484
7988,6451.612903225806
7990,6829.032258064515
7992,7077.419354838708
7993,7380.645161290322
7995,7545.16129032258
7996,7648.387096774193
7998,7267.74193548387
7999,6725.806451612903
8001,5819.354838709677
8003,5429.032258064516
8005,5270.967741935484
8007,5361.290322580644
8008,5464.5161290322585
8010,5580.645161290322
8011,5606.451612903225
8013,5664.516129032258
8015,5619.354838709677
8016,5670.967741935484
8018,5654.838709677419
8019,5545.1612903225805
8021,5522.58064516129
8023,5654.838709677419
8024,5522.58064516129
8026,5551.612903225807
8041,5654.838709677419
8061,5625.806451612903
8081,5641.935483870968
8101,5783.870967741935
8121,6248.387096774193
8141,6206.451612903225
8161,5899.999999999999
8181,5574.193548387097
8201,5683.870967741936
8221,5570.967741935484
8241,5616.129032258064
8261,12564.516129032258
8281,5025.806451612903
8301,5138.709677419355
8321,6135.4838709677415
8341,6267.741935483871
8361,6329.032258064516
8381,6667.74193548387
8401,6864.516129032258
8421,7067.741935483869
8441,7422.580645161289
8461,7570.967741935484
8481,7483.870967741936
8501,7009.677419354838
8521,6287.096774193548
8541,5541.935483870968
8561,5351.612903225806
8581,5241.935483870967
8601,5429.032258064516
8621,5506.451612903226
8641,5532.258064516129
8661,5590.322580645161
8681,5635.483870967742
8701,5638.709677419355
8721,5451.612903225806
8741,5509.677419354839
8761,5454.83870967742
8781,5570.967741935484
8801,5580.645161290322
8821,5509.677419354839
8841,5641.935483870968
8861,5680.645161290323
8881,5654.838709677419
8901,5729.032258064516
8921,6048.387096774193
8941,6196.774193548387
8961,6241.935483870968
8981,6022.58064516129
9001,5729.032258064516
9021,5667.741935483871
9041,5506.451612903226
9061,6358.064516129032
9081,12290.32258064516
9101,4283.870967741935
9121,5745.1612903225805
9141,6216.129032258064
9161,6393.548387096775
9181,6554.83870967742
9201,6677.419354838709
9221,7022.580645161289
9241,7387.096774193547
9261,7525.806451612903
9281,7719.354838709678
9301,7483.870967741936
9321,6912.903225806451
9341,6093.548387096774
9361,5567.74193548387
9381,5374.193548387097
9401,5419.354838709677
9421,5477.41935483871
9441,5670.967741935484
9461,5729.032258064516
9481,5777.419354838709
9501,5751.612903225806
9521,5729.032258064516
9541,5593.548387096775
9561,5512.903225806452
9581,5596.774193548387
9601,5719.354838709677
9621,5677.419354838709
9641,5709.677419354838
9661,5741.935483870967
9681,5716.129032258064
9701,5832.258064516129
9721,6090.322580645161
9741,6222.580645161291
9761,6296.774193548387
9781,6074.193548387096
9801,5658.064516129032
9821,5729.032258064516
9841,5541.935483870968
9861,6093.548387096774
9881,12674.193548387097
9901,4396.774193548386
9921,5625.806451612903
9941,6254.83870967742
9961,6429.032258064516
9981,6538.709677419354
10001,6806.451612903225
18,1998.0
38,2098.0
58,2156.0
79,2269.0
98,2348.0
119,2333.0
138,2214.0
158,1999.0
179,1753.0
198,1646.0
219,1619.0
238,1663.0
258,1711.0
278,1727.0
299,1746.0
320,1770.0
338,1744.0
358,1722.0
378,1728.0
398,1746.0
419,1743.0
438,1741.0
458,1721.0
479,1790.0
498,1879.0
519,1985.0
538,1882.0
558,1798.0
579,1770.0
598,1728.0
619,1693.0
638,3335.0
658,1789.0
679,1485.0
698,1927.0
719,1979.0
738,1968.0
758,2035.0
778,2137.0
798,2209.0
820,2321.0
838,2384.0
858,2298.0
878,2174.0
899,1899.0
919,1746.0
938,1662.0
958,1658.0
978,1678.0
998,1714.0
1018,1776.0
1038,1746.0
1058,1781.0
1079,1744.0
1098,1776.0
1118,1732.0
1138,1751.0
1158,1725.0
1179,1861.0
1198,1970.0
1218,1885.0
1238,1773.0
1258,1694.0
1278,1706.0
1298,1535.0
1322,2161.0
1338,3006.0
1358,1298.0
1378,1790.0
1398,1889.0
1418,1934.0
1438,1994.0
1458,2064.0
1479,2189.0
1498,2256.0
1518,2326.0
1538,2307.0
1558,2205.0
1579,1979.0
1599,1776.0
1618,1701.0
1638,1654.0
1658,1674.0
1679,1728.0
1698,1751.0
1718,1781.0
1738,1787.0
1758,1798.0
1779,1769.0
1798,1776.0
1818,1770.0
1839,1760.0
1858,1749.0
1879,1878.0
1898,1941.0
1918,1963.0
1938,1863.0
1958,1771.0
1979,1729.0
1998,1686.0
2018,1793.0
2038,4087.0
2059,1288.0
2079,1699.0
2098,1918.0
2119,1970.0
2138,1990.0
2158,2064.0
2178,2155.0
2199,2229.0
2218,2370.0
2238,2371.0
2258,2292.0
2279,2087.0
2298,1831.0
2318,1712.0
2338,1645.0
2359,1663.0
2378,1713.0
2398,1747.0
2418,1752.0
2438,1773.0
2458,1757.0
2478,1749.0
2498,1762.0
2518,1744.0
2538,1744.0
2558,1775.0
2579,1763.0
2598,1777.0
2618,1843.0
2638,1933.0
2658,1936.0
2678,1868.0
2698,1794.0
2718,1725.0
2738,1728.0
2758,1711.0
2779,3551.0
2798,1749.0
2818,1535.0
2838,1910.0
2858,1982.0
2878,2032.0
2898,2064.0
2918,2144.0
2938,2249.0
2958,2348.0
2978,2379.0
2998,2364.0
3018,2166.0
3038,1910.0
3058,1703.0
3079,1643.0
3098,1666.0
3118,1667.0
3138,1749.0
3158,1759.0
3178,1789.0
3198,1767.0
3218,1790.0
3238,1777.0
3258,1744.0
3278,1731.0
3298,1781.0
3318,1767.0
3338,1760.0
3358,1865.0
3378,1949.0
3398,1946.0
3418,1854.0
3438,1756.0
3458,1757.0
3478,1706.0
3498,1873.0
3518,3869.0
3538,1302.0
3558,1763.0
3579,1910.0
3598,1972.0
3618,2000.0
3638,2064.0
3658,2162.0
3678,2247.0
3698,2364.0
3718,2337.0
3738,2288.0
3758,2097.0
3778,1790.0
3798,1695.0
3818,1636.0
3838,1625.0
3858,1719.0
3878,1723.0
3898,1777.0
3918,1776.0
3938,1747.0
3958,1765.0
3979,1759.0
3998,1724.0
4018,1719.0
4038,1742.0
4058,1765.0
4079,1751.0
4098,1859.0
4118,1953.0
4138,1856.0
4158,1794.0
4178,1715.0
4198,1713.0
4218,1589.0
4238,2613.0
4258,2395.0
4278,1234.0
4298,1865.0
4318,1933.0
4339,1978.0
4358,2014.0
4378,2099.0
4398,2177.0
4418,2273.0
4439,2341.0
4458,2305.0
4478,2171.0
4498,1961.0
4518,1738.0
4538,1616.0
4558,1616.0
4579,1648.0
4598,1678.0
4618,1722.0
4639,1744.0
4659,1725.0
4678,1743.0
4698,1696.0
4718,1711.0
4738,1712.0
4759,1713.0
4778,1686.0
4798,1791.0
4818,1871.0
4838,1861.0
4858,1796.0
4878,1678.0
4898,1623.0
4918,1593.0
4938,1865.0
4959,3555.0
4978,1367.0
4998,1634.0
5018,1865.0
5038,1879.0
5058,1946.0
5078,2032.0
5098,2116.0
5118,2202.0
5138,2290.0
5158,2336.0
5178,2224.0
5198,2012.0
5218,1815.0
5238,1664.0
5258,1648.0
5278,1624.0
5298,1666.0
5318,1701.0
5339,1709.0
5358,1766.0
5378,1747.0
5398,1739.0
5418,1729.0
5438,1729.0
5458,1694.0
5478,1727.0
5498,1707.0
5518,1808.0
5538,1928.0
5558,1899.0
5578,1823.0
5598,1771.0
5618,1746.0
5638,1685.0
5658,1773.0
5678,4011.0
5698,1341.0
5718,1711.0
5738,1896.0
5758,1974.0
5778,1986.0
5798,2071.0
5818,2146.0
5839,2209.0
5858,2324.0
5878,2416.0
5898,2288.0
5918,2099.0
5938,1851.0
5958,1698.0
5978,1651.0
5998,1613.0
6018,1703.0
6038,1691.0
6059,1746.0
6078,1733.0
6099,1734.0
6138,1702.0
6139,1716.0
6159,1729.0
6179,1698.0
6198,1718.0
6218,1805.0
6238,1836.0
6259,1969.0
6278,1857.0
6298,1718.0
6318,1699.0
6339,1705.0
6358,1718.0
6378,3562.0
6398,1582.0
6418,1531.0
6438,1881.0
6459,1941.0
6478,1985.0
6498,2022.0
6518,2110.0
6538,2243.0
6559,2307.0
6578,2357.0
6599,2305.0
6618,2128.0
6638,1850.0
6658,1643.0
6679,1567.0
6698,1626.0
6718,1614.0
6738,1683.0
6758,1717.0
6778,1703.0
6798,1746.0
6818,1735.0
6839,1734.0
6858,1712.0
6878,1719.0
6898,1721.0
6918,1791.0
6938,1915.0
6958,1883.0
6978,1782.0
6998,1715.0
7018,1707.0
7038,1659.0
7059,1934.0
7078,3403.0
7099,1264.0
7118,1731.0
7138,1921.0
7159,1968.0
7178,1991.0
7198,2041.0
7218,2150.0
7238,2231.0
7258,2315.0
7278,2319.0
7298,2224.0
7318,2035.0
7339,1843.0
7358,1684.0
7379,1662.0
7398,1680.0
7418,1663.0
7438,1743.0
7458,1744.0
7478,1744.0
7498,1744.0
7518,1751.0
7538,1723.0
7558,1773.0
7578,1850.0
7598,1892.0
7618,1808.0
7638,1711.0
7658,1648.0
7678,1643.0
7698,1679.0
7718,3440.0
7738,1685.0
7758,1416.0
7778,1848.0
7798,1903.0
7818,1963.0
7839,2002.0
7858,2096.0
7878,2147.0
7898,2274.0
7918,2302.0
7938,2302.0
7958,2079.0
7978,1839.0
7998,1687.0
8018,1693.0
8038,1678.0
8058,1717.0
8078,1739.0
8099,1763.0
8118,1776.0
8138,1777.0
8158,1786.0
8178,1798.0
8198,1763.0
8218,1859.0
8238,1982.0
8258,1972.0
8279,1850.0
8298,1722.0
8318,1754.0
8338,1613.0
8358,2224.0
8378,3143.0
8398,1203.0
8418,1881.0
8438,1964.0
8458,1978.0
8478,2073.0
8498,2134.0
8518,2197.0
8538,2287.0
8559,2378.0
8578,2416.0
8598,2256.0
8618,2039.0
8638,1806.0
8658,1696.0
8679,1680.0
8698,1733.0
8718,1712.0
8738,1771.0
8758,1767.0
8778,1790.0
8798,1767.0
8818,1778.0
8838,1778.0
8859,1843.0
8878,1881.0
8898,1941.0
8918,1869.0
8938,1758.0
8959,1754.0
8978,1744.0
8998,1744.0
9018,3482.0
9038,1671.0
9059,1535.0
9078,1955.0
9098,1975.0
9118,2001.0
9138,2110.0
9158,2181.0
9178,2279.0
9198,2330.0
9218,2365.0
9238,2363.0
9258,2144.0
9278,1898.0
9298,1722.0
9318,1635.0
9338,1714.0
9359,1703.0
9378,1744.0
9398,1757.0
9418,1817.0
9439,1808.0
9458,1760.0
9478,1787.0
9498,1744.0
9518,1771.0
9538,1841.0
9559,1961.0
9578,1862.0
9598,1782.0
9618,1711.0
9638,1695.0
9658,1625.0
9678,2499.0
9698,2515.0
9718,1257.0
9738,1856.0
9758,1904.0
9778,1978.0
9798,2059.0
9818,2105.0
9838,2219.0
9859,2331.0
9878,2406.0
9898,2387.0
9918,2254.0
9938,1946.0
9958,1772.0
9978,1706.0
9999,1671.0
10018,1675.0
0,1616.0
18,1901.0
38,3661.0
58,1150.0
78,1765.0
98,1883.0
118,1957.0
138,1982.0
158,2043.0
178,2135.0
198,2224.0
218,2278.0
238,2288.0
258,2252.0
278,2084.0
298,1874.0
318,1666.0
338,1663.0
358,1692.0
378,1744.0
398,1782.0
418,1796.0
438,1742.0
459,1698.0
478,1701.0
498,1754.0
518,1711.0
539,1718.0
558,1844.0
578,1962.0
598,1894.0
618,1819.0
638,1703.0
658,1709.0
678,1643.0
698,2478.0
718,2591.0
738,1249.0
759,1892.0
778,1901.0
798,1997.0
818,2005.0
838,2099.0
858,2205.0
879,2246.0
898,2343.0
918,2250.0
938,2266.0
958,2039.0
978,1847.0
998,1717.0
1018,1695.0
1038,1727.0
1058,1801.0
1078,1806.0
1098,1818.0
1118,1735.0
1138,1791.0
1158,1747.0
1178,1731.0
1198,1762.0
1218,1847.0
1238,1969.0
1258,1847.0
1278,1780.0
1298,1741.0
1318,1689.0
1338,1662.0
1358,2779.0
1378,2064.0
1398,1262.0
1418,1920.0
1438,1872.0
1458,1982.0
1478,2011.0
1497,2064.0
1518,2178.0
1538,2261.0
1558,2283.0
1578,2223.0
1598,2169.0
1618,1975.0
1638,1808.0
1658,1719.0
1678,1713.0
1698,1759.0
1718,1773.0
1738,1744.0
1758,1760.0
1777,1801.0
1798,1680.0
1818,1808.0
1838,1847.0
1858,1894.0
1878,1787.0
1897,1687.0
1918,1651.0
1938,1650.0
1958,1806.0
1978,3549.0
1999,1413.0
2018,1532.0
2038,1843.0
2058,1886.0
2078,1973.0
2098,2017.0
2118,2129.0
2138,2161.0
2158,2265.0
2178,2215.0
2198,2210.0
2217,1991.0
2238,1870.0
2258,1725.0
2278,1719.0
2297,1706.0
2317,1759.0
2337,1808.0
2357,1818.0
2377,1802.0
2397,1809.0
2417,1821.0
2438,1875.0
2457,1936.0
2478,1857.0
2498,1779.0
2517,1703.0
2538,1633.0
2558,1702.0
2578,3535.0
2598,1570.0
2618,1473.0
2638,1904.0
2658,1947.0
2678,1983.0
2698,2029.0
2718,2104.0
2738,2232.0
2758,2260.0
2778,2303.0
2798,2262.0
2834,2067.0
2838,1894.0
2858,1748.0
2878,1684.0
2898,1696.0
2918,1757.0
2938,1823.0
2958,1795.0
2978,1804.0
2998,1745.0
3018,1791.0
3038,1876.0
3058,1969.0
3078,1872.0
3098,1755.0
3118,1725.0
3138,1679.0
3158,1625.0
3178,3065.0
3198,1855.0
3218,1333.0
3239,1869.0
3258,1910.0
3278,1965.0
3298,2058.0
3318,2112.0
3338,2191.0
3358,2256.0
3378,2320.0
3398,2273.0
3418,2128.0
3438,1917.0
3458,1754.0
3478,1674.0
3498,1735.0
3519,1740.0
3538,1791.0
3558,1786.0
3578,1814.0
3598,1751.0
3618,1882.0
3638,1928.0
3658,1877.0
3678,1810.0
3698,1712.0
3718,1709.0
3739,1535.0
3758,2512.0
3778,2544.0
3798,1203.0
3819,1825.0
3838,1911.0
3858,1963.0
3878,1975.0
3898,2091.0
3919,2155.0
3938,2253.0
3958,2266.0
3978,2180.0
3998,2062.0
4018,1900.0
4038,1731.0
4058,1677.0
4078,1709.0
4098,1765.0
4118,1785.0
4138,1801.0
4158,1764.0
4178,1853.0
4198,1867.0
4219,1929.0
4238,1803.0
4258,1715.0
4278,1665.0
4298,1601.0
4318,1742.0
4338,4004.0
4358,1232.0
4378,1718.0
4398,1869.0
4418,1913.0
4438,1953.0
4458,2045.0
4478,2142.0
4498,2193.0
4518,2266.0
4538,2221.0
4558,2124.0
4578,1972.0
4598,1819.0
4618,1707.0
4638,1703.0
4658,1649.0
4678,1797.0
4698,1809.0
4718,1786.0
4738,1776.0
4758,1855.0
4778,1927.0
4798,1830.0
4818,1760.0
4838,1701.0
4858,1682.0
4878,1577.0
4899,2893.0
4918,2005.0
4938,1342.0
4958,1875.0
4978,1895.0
4998,1943.0
5018,1936.0
5038,2095.0
5058,2192.0
5078,2255.0
5098,2225.0
5118,2159.0
5138,2064.0
5158,1871.0
5178,1743.0
5198,1690.0
5218,1666.0
5238,1691.0
5258,1738.0
5278,1775.0
5298,1771.0
5318,1718.0
5338,1615.0
5358,1811.0
5378,1763.0
5398,1823.0
5418,1858.0
5438,1634.0
5458,1686.0
5478,1648.0
5498,1794.0
5518,3286.0
5538,1372.0
5558,1535.0
5578,1862.0
5598,1936.0
5618,2084.0
5638,2032.0
5658,2106.0
5678,2183.0
5698,2250.0
5718,2287.0
5738,2151.0
5758,2096.0
5778,1899.0
5798,1779.0
5818,1747.0
5838,1786.0
5858,1769.0
5878,1795.0
5898,1893.0
5918,1763.0
5938,1766.0
5958,1852.0
5978,1872.0
5998,1985.0
6018,1711.0
6038,1661.0
6058,1699.0
6078,1650.0
6098,1635.0
6118,3364.0
6138,1621.0
6158,1435.0
6178,1823.0
6198,1878.0
6218,1989.0
6238,2005.0
6258,2121.0
6278,2119.0
6299,2339.0
6318,2279.0
6338,2108.0
6357,2031.0
6378,1872.0
6398,1638.0
6418,1724.0
6438,1614.0
6458,1805.0
6478,1726.0
6498,1751.0
6519,1833.0
6538,1719.0
6558,1775.0
6578,1717.0
6598,1845.0
6618,1971.0
6638,1859.0
6658,1811.0
6678,1744.0
6698,1763.0
6718,1622.0
6738,2128.0
6758,2866.0
6778,1258.0
6797,1850.0
6818,1968.0
6838,1995.0
6858,2083.0
6878,2209.0
6898,2187.0
6918,2347.0
6938,2363.0
6958,2329.0
6978,2224.0
6998,2087.0
7018,1811.0
7038,1758.0
7058,1754.0
7078,1745.0
7098,1822.0
7118,1808.0
7138,1777.0
7158,1823.0
7178,1743.0
7198,1707.0
7218,1729.0
7238,1776.0
7258,1799.0
7278,1775.0
7298,1842.0
7318,1904.0
7338,1865.0
7358,1739.0
7378,1706.0
7398,1749.0
7418,1723.0
7438,3393.0
7458,1465.0
7478,1617.0
7498,1872.0
7518,1922.0
7538,2018.0
7558,2035.0
7578,2167.0
7598,2165.0
7618,2303.0
7638,2267.0
7658,2257.0
7678,2089.0
7698,1785.0
7718,1714.0
7738,1712.0
7758,1665.0
7778,1653.0
7798,1751.0
7818,1685.0
7838,1712.0
7858,1726.0
7878,1825.0
7898,1625.0
7918,1719.0
7938,1765.0
7958,1757.0
7978,1794.0
7998,1943.0
8018,1801.0
8038,1728.0
8058,1629.0
8078,1748.0
8098,1648.0
8118,3233.0
8138,1641.0
8158,1437.0
8178,1811.0
8198,1946.0
8218,2031.0
8238,2087.0
8258,2167.0
8278,2240.0
8298,2380.0
8318,2340.0
8338,2318.0
8358,2155.0
8378,1975.0
8398,1757.0
8418,1722.0
8438,1779.0
8458,1792.0
8478,1836.0
8498,1881.0
8518,1840.0
8538,1875.0
8558,1855.0
8578,1813.0
8598,1915.0
8618,2033.0
8638,2001.0
8658,1952.0
8678,1806.0
8698,1803.0
8718,1765.0
8738,1952.0
8758,3681.0
8778,1586.0
8798,1763.0
8818,2000.0
8838,2063.0
8858,2032.0
8878,2110.0
8898,2182.0
8918,2240.0
8938,2330.0
8958,2288.0
8978,2183.0
8998,2016.0
9018,1795.0
9038,1677.0
9058,1607.0
9078,1665.0
9098,1671.0
9118,1711.0
9138,1744.0
9158,1744.0
9178,1709.0
9198,1682.0
9218,1781.0
9238,1870.0
9258,1851.0
9278,1764.0
9298,1638.0
9318,1696.0
9338,1599.0
9358,1930.0
9378,3279.0
9398,1298.0
9418,1681.0
9438,1845.0
9458,1882.0
9478,1962.0
9498,1998.0
9518,2091.0
9538,2211.0
9558,2294.0
9578,2300.0
9598,2194.0
9618,1952.0
9638,1719.0
9658,1647.0
9678,1616.0
9698,1647.0
9718,1716.0
9738,1732.0
9758,1745.0
9778,1735.0
9798,1745.0
9818,1722.0
9838,1723.0
9858,1713.0
9878,1747.0
9898,1727.0
9918,1746.0
9938,1744.0
9958,1847.0
9978,1880.0
9998,1925.0
10018,1871.0
18,5506.451612903226
38,5445.1612903225805
58,5312.903225806451
78,5461.290322580645
98,5609.677419354838
118,5738.709677419354
138,5780.645161290322
158,5793.548387096774
178,5590.322580645161
198,5564.516129032258
218,5790.322580645161
238,6019.354838709677
258,6196.774193548387
278,5796.774193548387
298,5600.0
318,5480.645161290322
338,5293.548387096774
358,5854.838709677419
378,11548.387096774191
398,4764.5161290322585
418,5087.096774193548
438,5935.4838709677415
458,6316.129032258064
478,6367.74193548387
498,6467.741935483871
518,6958.064516129031
538,7141.935483870967
558,7425.806451612903
578,7525.806451612903
598,7383.870967741935
618,6777.419354838708
638,5851.612903225807
658,5519.354838709678
678,5435.483870967742
698,5370.967741935484
718,5512.903225806452
738,5522.58064516129
758,5848.387096774193
778,5703.225806451613
798,5738.709677419354
818,5619.354838709677
838,5667.741935483871
858,5800.0
878,6080.645161290322
898,6448.387096774193
918,6090.322580645161
938,5945.16129032258
958,5661.290322580645
978,5529.032258064516
998,5209.677419354838
1018,7177.419354838709
1038,10545.161290322578
1058,3745.161290322581
1078,6038.709677419354
1098,6229.032258064516
1118,6312.903225806451
1138,6399.999999999999
1158,6706.451612903225
1178,7051.612903225806
1198,7338.709677419354
1218,7667.741935483871
1238,7638.709677419355
1258,7235.483870967741
1278,6432.258064516129
1298,5645.1612903225805
1318,5161.290322580645
1338,5177.419354838709
1358,5364.516129032258
1378,5461.290322580645
1398,5370.967741935484
1418,5625.806451612903
1438,5580.645161290322
1458,5467.741935483871
1478,5493.548387096774
1498,5506.451612903226
1518,5570.967741935484
1538,5829.032258064516
1558,6229.032258064516
1578,5974.193548387097
1598,5522.58064516129
1618,5383.870967741936
1638,5358.064516129031
1658,4951.612903225806
1678,7506.451612903226
1698,9145.16129032258
1718,3629.032258064516
1738,5929.032258064516
1758,6038.709677419354
1778,6129.032258064515
1798,6300.0
1818,6554.83870967742
1838,6964.516129032258
1858,7174.193548387096
1878,7435.483870967742
1898,7535.483870967742
1918,7064.516129032257
1938,6158.064516129031
1958,5635.483870967742
1978,5119.354838709677
1998,5161.290322580645
2018,5180.645161290322
2038,5403.225806451613
2058,5441.935483870968
2078,5567.74193548387
2098,5490.322580645161
2118,5516.129032258064
2138,5545.1612903225805
2158,5493.548387096774
2178,5774.193548387096
2198,6100.0
2218,6093.548387096774
2238,5777.419354838709
2258,5535.4838709677415
2278,5396.774193548386
2298,5209.677419354838
2318,5912.903225806451
2338,11870.967741935485
2358,4477.419354838709
2378,5574.193548387097
2398,6006.451612903225
2418,6141.935483870968
2438,6367.74193548387
2458,6554.83870967742
2478,6819.354838709676
2498,7174.193548387096
2518,7483.870967741936
2538,7551.612903225807
2558,7248.387096774192
2578,6500.0
2598,5919.354838709677
2618,5419.354838709677
2638,5325.806451612903
2658,5464.5161290322585
2678,5583.870967741936
2698,5729.032258064516
2718,5832.258064516129
2738,5803.225806451613
2758,5812.903225806451
2778,5751.612903225806
2798,5848.387096774193
2818,6183.870967741936
2838,6399.999999999999
2858,6029.032258064515
2878,5522.58064516129
2898,5574.193548387097
2918,5619.354838709677
2938,5832.258064516129
2958,11938.709677419354
2978,5422.580645161291
2998,4948.387096774193
3018,6280.645161290322
3038,6141.935483870968
3058,6416.129032258064
3078,6638.709677419355
3098,6970.967741935483
3118,7270.967741935483
3138,7616.129032258064
3158,7658.064516129032
3178,7422.580645161289
3198,6970.967741935483
3218,6038.709677419354
3238,5648.387096774193
3258,5506.451612903226
3278,5480.645161290322
3298,5693.548387096774
3318,5712.903225806452
3338,5832.258064516129
3358,5832.258064516129
3378,5929.032258064516
3398,5880.645161290322
3418,5783.870967741935
3438,5864.516129032258
3458,6038.709677419354
3478,6564.516129032258
3498,6235.4838709677415
3518,5451.612903225806
3538,5374.193548387097
3558,5512.903225806452
3578,5180.645161290322
3598,9229.032258064515
3618,6861.290322580644
3638,4003.2258064516127
3658,6183.870967741936
3678,5887.096774193548
3698,6187.096774193548
3718,6396.774193548386
3738,6790.322580645161
3758,7064.516129032257
3778,7122.58064516129
3798,7558.064516129033
3818,7432.25806451613
3838,6906.4516129032245
3858,6074.193548387096
3878,5574.193548387097
3898,5161.290322580645
3918,4829.032258064516
3938,5222.58064516129
3958,5487.096774193548
3978,5709.677419354838
3998,5529.032258064516
4018,5454.83870967742
4038,5212.903225806451
4058,5532.258064516129
4078,5261.290322580645
4098,5245.16129032258
4118,6003.225806451613
4138,5854.838709677419
4158,5796.774193548387
4178,5709.677419354838
4198,5077.419354838709
4218,5416.129032258064
4238,5212.903225806451
4258,6051.612903225806
4278,11116.129032258064
4298,4029.032258064517
4318,5348.387096774193
4338,5996.774193548386
4358,6141.935483870968
4378,6674.193548387097
4398,6432.258064516129
4418,7061.290322580645
4438,6967.74193548387
4458,7483.870967741936
4478,7687.096774193549
4498,7209.677419354838
4518,6370.967741935484
4538,5861.290322580645
4558,5151.612903225806
4578,5106.451612903225
4598,5325.806451612903
4618,5287.096774193547
4638,5316.129032258064
4658,5403.225806451613
4678,5219.354838709677
4698,5703.225806451613
4718,5564.516129032258
4738,5358.064516129031
4758,5674.193548387097
4778,5887.096774193548
4798,6170.967741935483
4818,6180.645161290322
4838,5554.83870967742
4858,5293.548387096774
4878,5364.516129032258
4898,5241.935483870967
4918,5316.129032258064
4938,10654.83870967742
4958,5012.903225806452
4978,4809.677419354839
4998,6054.83870967742
5018,6345.1612903225805
5038,6245.1612903225805
5058,6629.032258064516
5078,6690.32258064516
5098,6909.677419354838
5118,7364.516129032257
5138,7945.16129032258
5158,7654.8387096774195
5178,7180.645161290322
5198,6080.645161290322
5218,5709.677419354838
5238,4887.096774193548
5258,5367.741935483871
5278,5109.677419354838
5298,5929.032258064516
5318,5770.967741935484
5338,5567.74193548387
5358,5783.870967741935
5378,5780.645161290322
5398,5935.4838709677415
5418,5574.193548387097
5438,5916.129032258064
5458,6280.645161290322
5478,6061.290322580645
5498,5887.096774193548
5518,5603.225806451614
5538,5567.74193548387
5558,5300.0
5578,5948.387096774193
5598,11351.612903225809
5618,4303.225806451613
5638,5225.806451612903
5658,6212.903225806452
5678,6512.903225806452
5698,6193.548387096774
5718,6967.74193548387
5738,6574.193548387097
5758,7225.8064516129025
5778,7648.387096774193
5798,7487.096774193548
5818,7861.290322580645
5838,6699.999999999999
5858,5977.419354838709
5878,5477.41935483871
5898,5332.258064516129
5918,5325.806451612903
5938,5761.290322580645
5958,5680.645161290323
5978,5738.709677419354
5998,5832.258064516129
6018,5967.74193548387
6038,6061.290322580645
6058,5899.999999999999
6078,6209.677419354839
6098,6048.387096774193
6118,5980.645161290322
6138,5280.645161290322
6158,5535.4838709677415
6178,5325.806451612903
6198,5641.935483870968
6218,11406.451612903224
6238,4790.322580645161
6258,5077.419354838709
6278,6390.322580645162
6298,6699.999999999999
6318,6451.612903225806
6338,6451.612903225806
6358,7229.032258064515
6378,7190.32258064516
6398,7822.58064516129
6418,7132.258064516128
6438,7693.548387096774
6458,6535.4838709677415
6478,5296.774193548386
6498,5177.419354838709
6518,5258.064516129032
6538,5212.903225806451
6558,6083.870967741935
6578,4951.612903225806
6598,5267.741935483871
6625,5464.5161290322585
6638,5980.645161290322
6658,5106.451612903225
6678,5825.806451612903
6699,6090.322580645161
6718,6358.064516129032
6738,5177.419354838709
6758,5564.516129032258
6778,5558.064516129032
6798,5503.225806451613
6818,5232.258064516128
6838,10161.290322580644
6858,5777.419354838709
6878,4580.645161290323
6898,6100.0
6918,6393.548387096775
6938,6358.064516129032
6958,6670.967741935484
6978,6909.677419354838
6998,7370.967741935483
7018,7632.25806451613
7038,7954.8387096774195
7058,7719.354838709678
7078,7293.548387096773
7098,6348.387096774194
7118,5661.290322580645
7138,5448.387096774193
7158,5438.709677419354
7178,5638.709677419355
7198,5800.0
7218,5912.903225806451
7238,5912.903225806451
7258,5816.129032258064
7278,5780.645161290322
7298,5887.096774193548
7327,6093.548387096774
7338,6454.83870967742
7358,6200.0
7378,5954.838709677419
7398,5661.290322580645
7418,5512.903225806452
7438,5425.806451612903
7458,6825.806451612903
7478,10832.258064516129
7498,3693.5483870967737
7518,6038.709677419354
7538,6125.806451612903
7558,6261.290322580646
7578,6603.225806451613
7598,6848.387096774193
7618,7103.225806451613
7638,7483.870967741936
7658,7793.548387096775
7678,7838.709677419355
7698,7525.806451612903
7718,6603.225806451613
7738,5670.967741935484
7758,5216.129032258064
7778,5287.096774193547
7798,5306.451612903225
7818,5374.193548387097
7838,5519.354838709678
7858,5580.645161290322
7878,5625.806451612903
7898,5522.58064516129
7918,5622.58064516129
7938,5403.225806451613
7958,5629.032258064516
7978,5925.806451612903
7998,6112.903225806451
8018,5780.645161290322
8038,5516.129032258064
8058,5435.483870967742
8078,5351.612903225806
8098,5267.741935483871
8118,9641.935483870968
8138,5993.548387096774
8158,4235.4838709677415
8178,5990.322580645161
8198,6209.677419354839
8218,6280.645161290322
8238,6483.870967741935
8258,6783.870967741935
8278,7038.709677419354
8298,7380.645161290322
8318,7587.096774193548
8338,7454.8387096774195
8358,6841.935483870967
8378,6125.806451612903
8398,5454.83870967742
8418,5203.225806451613
8438,5193.548387096774
8458,5364.516129032258
8478,5422.580645161291
8498,5522.58064516129
8518,5632.258064516129
8538,5590.322580645161
8558,5506.451612903226
8578,5538.709677419355
8598,5490.322580645161
8618,5580.645161290322
8638,5825.806451612903
8658,6132.258064516129
8678,5867.74193548387
8698,5590.322580645161
8718,5306.451612903225
8738,5409.677419354839
8758,5096.774193548387
8778,8500.0
8798,7429.032258064517
8818,4035.4838709677415
8838,5935.4838709677415
8858,6158.064516129031
8878,6296.774193548387
8898,6396.774193548386
8918,6777.419354838708
8938,6970.967741935483
8958,7270.967741935483
8978,7432.25806451613
8998,7399.999999999998
9018,7074.193548387096
9038,6287.096774193548
9058,5693.548387096774
9078,5480.645161290322
9098,5487.096774193548
9118,5938.709677419354
9138,5996.774193548386
9158,5887.096774193548
9178,5951.612903225806
9198,6406.451612903225
9218,6083.870967741935
9238,5906.451612903225
9258,5725.806451612903
9278,5700.0
9298,5635.483870967742
9318,6203.225806451613
9338,6432.258064516129
9358,6190.322580645161
9378,5899.999999999999
9398,5583.870967741936
9418,5625.806451612903
9438,5280.645161290322
9458,6361.290322580645
9478,12445.16129032258
9498,3870.967741935484
9518,5712.903225806452
9538,6058.064516129032
9558,6303.225806451613
9578,6506.451612903225
9598,6709.677419354838
9618,6916.129032258064
9638,7158.064516129031
9658,7538.709677419355
9678,7522.58064516129
9698,7290.32258064516
9718,6658.064516129031
9738,5790.322580645161
9758,5309.677419354838
9778,5367.741935483871
9798,5416.129032258064
9818,5474.1935483870975
9838,5696.774193548386
9859,5822.58064516129
9878,5951.612903225806
9898,5935.4838709677415
9918,6074.193548387096
9938,6177.419354838709
9958,6332.258064516129
9978,6345.1612903225805
9998,6354.838709677419
10018,6435.483870967742
9,1714.0
29,1744.0
49,1842.0
69,1883.0
89,1841.0
109,1782.0
130,1725.0
150,1677.0
170,1586.0
190,2535.0
210,2524.0
230,1182.0
250,1876.0
270,1918.0
290,1954.0
309,2013.0
329,2127.0
350,2235.0
370,2325.0
390,2436.0
410,2413.0
430,2240.0
450,1982.0
470,1770.0
490,1663.0
510,1620.0
530,1617.0
550,1697.0
570,1719.0
590,1757.0
610,1741.0
630,1746.0
651,1741.0
670,1687.0
690,1740.0
709,1743.0
729,1831.0
749,1899.0
769,1883.0
789,1764.0
810,1767.0
830,1711.0
850,1679.0
870,1819.0
890,3550.0
910,1437.0
930,1657.0
949,1894.0
969,1953.0
990,1986.0
1009,2080.0
1030,2182.0
1050,2294.0
1070,2352.0
1090,2422.0
1110,2349.0
1130,2091.0
1150,1811.0
1169,1697.0
1189,1639.0
1210,1626.0
1231,1648.0
1250,1675.0
1270,1777.0
1290,1763.0
1310,1744.0
1330,1702.0
1349,1710.0
1369,1724.0
1389,1819.0
1409,1885.0
1430,1889.0
1449,1803.0
1469,1712.0
1490,1712.0
1509,1718.0
1529,1678.0
1549,3363.0
1569,1710.0
1590,1424.0
1610,1883.0
1630,1939.0
1649,2000.0
1669,2058.0
1690,2109.0
1709,2277.0
1729,2353.0
1749,2395.0
1769,2373.0
1789,2165.0
1809,1861.0
1829,1726.0
1849,1678.0
1869,1607.0
1890,1647.0
1910,1727.0
1930,1733.0
1950,1712.0
1969,1765.0
1990,1727.0
2010,1722.0
2030,1705.0
2050,1726.0
2070,1719.0
2090,1730.0
2110,1761.0
2130,1851.0
2150,1903.0
2169,1838.0
2189,1755.0
2210,1707.0
2229,1698.0
2249,1625.0
2270,2705.0
2290,2354.0
2310,1235.0
2330,1899.0
2349,1926.0
2369,1935.0
2390,2047.0
2409,2111.0
2429,2207.0
2449,2314.0
2469,2442.0
2489,2422.0
2509,2230.0
2529,1949.0
2549,1711.0
2569,1602.0
2589,1616.0
2609,1615.0
2629,1631.0
2649,1676.0
2669,1726.0
2690,1731.0
2710,1712.0
2729,1707.0
2749,1701.0
2769,1665.0
2789,1725.0
2809,1697.0
2829,1714.0
2849,1809.0
2869,1923.0
2890,1811.0
2910,1776.0
2930,1669.0
2950,1684.0
2970,1575.0
2990,2340.0
3010,2802.0
3030,1222.0
3050,1833.0
3070,1891.0
3090,1941.0
3110,2054.0
3129,2116.0
3149,2228.0
3170,2323.0
3190,2431.0
3210,2433.0
3230,2299.0
3250,2017.0
3270,1765.0
3290,1633.0
3310,1623.0
3330,1679.0
3349,1680.0
3369,1735.0
3389,1755.0
3410,1778.0
3430,1766.0
3450,1758.0
3470,1734.0
3490,1735.0
3510,1755.0
3530,1765.0
3550,1777.0
3570,1777.0
3589,1859.0
3610,1943.0
3630,1894.0
3650,1857.0
3670,1755.0
3690,1775.0
3710,1690.0
3730,2033.0
3750,3335.0
3770,1388.0
3790,1764.0
3810,1941.0
3830,1985.0
3850,2059.0
3870,2085.0
3890,2230.0
3910,2352.0
3930,2413.0
3950,2455.0
3970,2379.0
3990,2106.0
4010,1858.0
4030,1712.0
4050,1649.0
4070,1676.0
4090,1687.0
4110,1734.0
4130,1744.0
4150,1763.0
4170,1744.0
4190,1727.0
4210,1744.0
4230,1726.0
4250,1733.0
4270,1680.0
4290,1852.0
4310,1888.0
4330,1893.0
4350,1806.0
4370,1735.0
4390,1707.0
4410,1677.0
4430,1856.0
4450,3481.0
4470,1485.0
4490,1576.0
4510,1933.0
4530,1967.0
4550,1977.0
4570,2064.0
4590,2173.0
4610,2288.0
4630,2357.0
4650,2401.0
4670,2357.0
4690,2119.0
4710,1846.0
4730,1712.0
4750,1645.0
4770,1664.0
4790,1643.0
4809,1731.0
4829,1744.0
4849,1793.0
4869,1776.0
4889,1753.0
4909,1762.0
4929,1791.0
4970,1776.0
4970,1713.0
4989,1773.0
5009,1770.0
5030,1770.0
5050,1792.0
5070,1761.0
5090,1870.0
5110,1892.0
5130,1919.0
5150,1866.0
5170,1786.0
5190,1754.0
5210,1727.0
5230,1680.0
5250,3021.0
5270,2089.0
5290,1290.0
5310,1986.0
5330,1863.0
5349,1903.0
5370,2187.0
5390,2031.0
5410,2182.0
5430,2269.0
5450,2283.0
5470,2406.0
5490,2221.0
5510,1768.0
5530,1680.0
5550,1501.0
5570,1489.0
5589,1506.0
5609,1521.0
5629,1515.0
5650,1629.0
5670,1637.0
5690,1554.0
5710,1584.0
5730,1493.0
5750,1568.0
5770,1602.0
5790,1582.0
5810,1572.0
5830,1535.0
5850,1691.0
5870,1690.0
5890,1629.0
5910,1723.0
5930,1785.0
5950,1841.0
5970,1717.0
5990,1687.0
6009,1634.0
6029,1647.0
6049,1753.0
6069,3658.0
6089,1442.0
6109,1584.0
6129,1808.0
6149,1920.0
6169,1898.0
6190,2032.0
6209,2128.0
6229,2223.0
6250,2319.0
6269,2437.0
6289,2400.0
6309,2174.0
6329,1879.0
6349,1661.0
6369,1600.0
6389,1500.0
6409,1605.0
6429,1636.0
6449,1676.0
6470,1675.0
6489,1743.0
6510,1731.0
6530,1715.0
6550,1714.0
6570,1703.0
6590,1712.0
6610,1767.0
6630,1760.0
6650,1795.0
6671,1881.0
6690,1823.0
6709,1826.0
6730,1944.0
6749,1956.0
6769,1978.0
6790,1887.0
6810,1904.0
6830,1806.0
6850,1840.0
6870,1870.0
6890,3798.0
6909,1653.0
6929,1638.0
6950,2047.0
6969,2042.0
6990,2102.0
7010,2143.0
7030,2287.0
7050,2357.0
7070,2458.0
7090,2559.0
7110,2515.0
7130,2313.0
7150,2019.0
7170,1789.0
7190,1679.0
7210,1680.0
7230,1691.0
7250,1727.0
7270,1782.0
7290,1762.0
7310,1808.0
7330,1744.0
7350,1799.0
7370,1802.0
7389,1751.0
7409,1808.0
7430,1776.0
7450,1701.0
7470,1819.0
7491,1841.0
7510,1936.0
7530,1866.0
7551,1835.0
7570,1762.0
7589,1808.0
7609,1722.0
7630,3088.0
7650,2093.0
7669,1327.0
7690,1885.0
7710,1936.0
7730,2047.0
7750,2083.0
7770,2160.0
7790,2242.0
7809,2416.0
7829,2449.0
7849,2494.0
7869,2313.0
7889,2038.0
7909,1783.0
7929,1666.0
7950,1647.0
7970,1651.0
7990,1691.0
8010,1785.0
8030,1739.0
8050,1798.0
8071,1756.0
8090,1783.0
8109,1747.0
8129,1775.0
8149,1741.0
8169,1771.0
8189,1753.0
8210,1803.0
8230,1895.0
8250,1945.0
8269,1865.0
8290,1845.0
8310,1716.0
8330,1775.0
8350,1662.0
8370,2592.0
8390,2630.0
8409,1286.0
8429,1938.0
8449,1995.0
8469,1998.0
8490,2034.0
8510,2148.0
8530,2208.0
8550,2363.0
8570,2439.0
8590,2505.0
8610,2320.0
8630,2030.0
8650,1759.0
8670,1584.0
8690,1597.0
8710,1583.0
8730,1607.0
8750,1625.0
8770,1678.0
8790,1636.0
8810,1638.0
8831,1680.0
8850,1732.0
8870,1657.0
8890,1626.0
8910,1617.0
8930,1690.0
8950,1755.0
8970,1806.0
8990,1833.0
9010,1766.0
9030,1657.0
9050,1666.0
9070,1650.0
9089,1807.0
9110,3677.0
9130,1377.0
9149,1627.0
9170,1886.0
9190,1919.0
9210,1983.0
9230,2071.0
9250,2165.0
9270,2305.0
9290,2416.0
9310,2430.0
9330,2400.0
9350,2148.0
9371,1857.0
9390,1647.0
9410,1634.0
9430,1642.0
9450,1621.0
9470,1694.0
9490,1759.0
9510,1744.0
9530,1759.0
9550,1719.0
9570,1776.0
9590,1721.0
9610,1745.0
9630,1742.0
9650,1801.0
9670,1904.0
9689,1891.0
9709,1953.0
9729,1897.0
9749,1748.0
9769,1787.0
9790,1785.0
9810,1793.0
9830,3401.0
9850,1808.0
9870,1452.0
9891,1936.0
9910,1987.0
9929,2032.0
9949,2106.0
9970,2197.0
9990,2307.0
10010,2403.0
